Dummy_Specie,Atomic_mass
O1F2,17.998735466666666
O2F3,17.79880192
